{
    "accuracy": [
        0.7038764953613281,
        0.899566113948822,
        0.9395831823348999,
        0.9552599787712097,
        0.9658581614494324,
        0.972402036190033,
        0.9781349897384644,
        0.9810512661933899,
        0.9834839105606079,
        0.9849206805229187,
        0.9875808954238892,
        0.9886904954910278,
        0.9885197877883911,
        0.9909666180610657,
        0.9906394481658936
    ],
    "val_accuracy": [
        0.8392897844314575,
        0.9135556817054749,
        0.9479285478591919,
        0.9699522256851196,
        0.9204985499382019,
        0.9580013751983643,
        0.9790576100349426,
        0.9786592125892639,
        0.9794559478759766,
        0.9883337020874023,
        0.9628955125808716,
        0.9878215193748474,
        0.9882199168205261,
        0.9858866333961487,
        0.9854313731193542
    ]
}