{
    "accuracy": [
        0.7685041427612305,
        0.9726722836494446,
        0.9831282496452332,
        0.988007664680481,
        0.9904544949531555,
        0.9923323392868042,
        0.993114709854126,
        0.9944661855697632,
        0.9943381547927856,
        0.9957322478294373,
        0.9952628016471863,
        0.9963155388832092,
        0.996016800403595,
        0.9959314465522766,
        0.9954620003700256
    ],
    "val_accuracy": [
        0.9888458847999573,
        0.992544949054718,
        0.9949350953102112,
        0.996073305606842,
        0.9968131184577942,
        0.9958456754684448,
        0.996471643447876,
        0.9973822236061096,
        0.997837483882904,
        0.9976667165756226,
        0.9986342191696167,
        0.9978944063186646,
        0.998349666595459,
        0.9980081915855408,
        0.9970976710319519
    ]
}