{
    "accuracy": [
        0.8654527068138123,
        0.9731132984161377,
        0.9820044040679932,
        0.9851909875869751,
        0.9888754487037659,
        0.9907105565071106,
        0.9910946488380432,
        0.9918486475944519,
        0.9938260316848755,
        0.9942954778671265
    ],
    "val_accuracy": [
        0.977634847164154,
        0.9826428294181824,
        0.983837902545929,
        0.9932278394699097,
        0.9937400221824646,
        0.9948782324790955,
        0.9912360310554504,
        0.9957887530326843,
        0.9924880266189575,
        0.9940814971923828
    ]
}